model,label,class_weight,roc_auc_mean,pr_auc_mean,brier_mean,ece_mean,precision_mean,recall_mean,f1_mean,roc_auc_std,pr_auc_std,brier_std,ece_std,precision_std,recall_std,f1_std,threshold
lr,Logistic Regression,False,0.6637642459154712,0.2154226841618097,0.09744380721540594,0.008530698477944205,0.19307952354009542,0.4961737888172911,0.277952172988129,0.009160722110259211,0.010241751177125984,0.0022151570229317023,0.0025057511072215702,0.009998386801158105,0.015012948955146778,0.01258323894532971,0.12280760085956738
lr,Logistic Regression,True,0.664842441485348,0.21507133202472078,0.22575107956513335,0.35134161036903744,0.1948947331833657,0.48052628058915514,0.27729598487985985,0.00927867674837131,0.010646714770468678,0.001958305987506257,0.0009706944296504884,0.00943734654436175,0.02078831038923225,0.012796024284474381,0.5252994651381604
rf,Random Forest,False,0.6692186666226104,0.2300439458976138,0.0965878365407397,0.008224400192038428,0.20143437917364432,0.49062921304326457,0.28555710694475595,0.009827260320165721,0.016753021836184087,0.001991371077641534,0.002088110255594433,0.011740551643890549,0.01564268432542484,0.014251440091272268,0.13242966156497224
rf,Random Forest,True,0.6671898760474912,0.21804707356863462,0.18717341077800537,0.2938937706720679,0.20783823699675916,0.43546183619948337,0.28137062047670336,0.009743903102931693,0.015448183033170517,0.0016808683938762334,0.002082611512659014,0.009605690607294286,0.020830707793456586,0.013035309937093785,0.4951700215963415
xgb,XGBoost,False,0.6762460877356113,0.2360408141351734,0.09620641273690797,0.007453154033839643,0.2062484950363057,0.48846378478176405,0.28998325488583665,0.008346754764797081,0.014022850058691512,0.0020620869229453827,0.0005325229895383209,0.010198736240875585,0.011904246980865129,0.011903146684700588,0.13403059542179108
xgb,XGBoost,True,0.6742522754401101,0.23032778134585094,0.21401569742910578,0.33428830501797124,0.2109769492237532,0.45543008159605786,0.288315108255288,0.007897608138465056,0.015951308012165627,0.0009318316893879061,0.002590249945886344,0.010567084102420295,0.01289956927832597,0.012041241462764815,0.5418787598609924
lgbm,LightGBM,False,0.6763363412693633,0.23798468795788308,0.09611778468211982,0.005969479446530182,0.21781281041131234,0.44008450904990715,0.2913406090555718,0.0076139179476414146,0.013193527744559994,0.0020070973152158987,0.0013354088126279213,0.009646570291294555,0.011453337671881142,0.010451158124828507,0.1438099301871996
lgbm,LightGBM,True,0.6749246508724149,0.2333754040778649,0.20550521487956003,0.31913584497515296,0.21902072781718035,0.4309172459891504,0.29038513301108465,0.008667616737699562,0.013660678951027029,0.0013402115445065941,0.0026404808725575277,0.011320690594467997,0.014858454525571404,0.012978682953477453,0.5466217985177153
cat,CatBoost,False,0.6766467456317533,0.23976334612955624,0.0960373303729253,0.007755509062196147,0.2167636824959173,0.4379394225647217,0.2898579381473953,0.009621306568403246,0.013799748493800773,0.001958490227062226,0.001701378994540189,0.014062734010579862,0.01707401454170305,0.015282001333843213,0.1409650411990953
cat,CatBoost,True,0.6736236342485248,0.23149592355880916,0.21395908374983857,0.3324794309665151,0.21279714432500998,0.4538760678767935,0.2896971444027198,0.008826982454875364,0.012446437128824527,0.0013649302839089438,0.003117558443080773,0.012950578245323545,0.016662957168572707,0.015191539406474913,0.545871335558798
