model,label,calibration,brier_mean,brier_std,ece_mean,ece_std,roc_auc_mean,roc_auc_std,pr_auc_mean,pr_auc_std
xgb,XGBoost,none,0.09305953880263997,1.4753837137153988e-05,0.005362523077532225,0.0004106359611870775,0.6815894959211563,0.0013718275481435836,0.24040439269384847,0.0001474025044565568
xgb,XGBoost,sigmoid,0.09304935800004434,1.684214405541466e-05,0.004414837012366528,0.00043825423787477485,0.6815894959211563,0.0013718275481435836,0.24040439269384847,0.0001474025044565568
xgb,XGBoost,isotonic,0.09312640085059658,8.180378237639e-05,0.0050398597321079375,0.0003308987372243457,0.6813605204693061,0.0016154961648533793,0.23360810403698506,0.00040409860701696076
lgbm,LightGBM,none,0.09289812035720024,5.302358734621143e-05,0.006554118659113147,0.0005719775354931175,0.6836502445707247,0.0010593266447283692,0.24263838705840426,0.0010245749790796122
lgbm,LightGBM,sigmoid,0.09289347448033743,5.069293898294092e-05,0.0062607057748757565,0.0005812384772112143,0.6836502445707247,0.0010593266447283692,0.24263838705840426,0.0010245749790796122
lgbm,LightGBM,isotonic,0.09301145255931809,6.104888290109651e-05,0.006623488674408357,0.0005623706039953242,0.6830452574901632,0.0010468919302114785,0.23493080885140513,0.000772329966324923
cat,CatBoost,none,0.09314561366731815,5.35062395269151e-05,0.005716349837506251,0.0015138689881067945,0.678782320757347,0.001157055326926359,0.24052098876115813,0.0009590424951299351
cat,CatBoost,sigmoid,0.09316288950185377,6.521219626951992e-05,0.005642445836153626,0.0009827133002530946,0.678782320757347,0.001157055326926359,0.24052098876115813,0.0009590424951299351
cat,CatBoost,isotonic,0.09323775518325834,8.813988048024949e-05,0.005463912704354576,0.0006206493003314031,0.6783819754626265,0.0016470148075921236,0.23215987124957282,0.00038904764210967116
average,Simple average,none,0.0928790456671401,1.7783909898607095e-05,0.007678425116303887,0.00032951666614058244,0.6830813495312119,0.000526102059607732,0.24342122037824568,0.00033272651888642746
average,Simple average,sigmoid,0.09286610894109294,1.9165392102029627e-05,0.006344640078444811,0.0005956997084063315,0.6830813495312119,0.000526102059607732,0.24342122037824568,0.00033272651888642746
average,Simple average,isotonic,0.09297962460762654,3.2111899971684176e-05,0.00594642639891202,0.0007882698490059818,0.6827079276998115,0.0005676631567471849,0.23622563094287688,0.000604236148007812
stack,Stacked (LR meta),none,0.09288857007543184,3.575071368790159e-05,0.006761637003874485,0.001063482699348554,0.6826652525330478,0.00047013743476006527,0.24360060010410833,0.0005415911431468558
stack,Stacked (LR meta),sigmoid,0.0928877813186496,3.5410353035469586e-05,0.006715036083435146,0.001070120827163169,0.6826652525330478,0.00047013743476006527,0.24360060010410833,0.0005415911431468558
stack,Stacked (LR meta),isotonic,0.09301658544006387,3.7074443287003605e-05,0.00544137594359121,0.0011019369054304628,0.6821567788552957,0.0005053448675403947,0.23521232724531446,0.000619747936772349
