discharge_disposition_id,n_pos,n,rate,ci_low,ci_high
1,5602,60234,0.09300395125676528,0.09071036646766774,0.09534944746829506
2,342,2128,0.16071428571428573,0.14572317258575573,0.17692819138049776
3,2046,13954,0.14662462376379531,0.1408526669576782,0.1525910987317103
4,104,815,0.1276073619631902,0.10643440545062764,0.15227448281298775
5,247,1184,0.20861486486486486,0.18643103566902433,0.2326834321185998
6,1638,12902,0.12695706092078748,0.12132309902997615,0.13281310546210442
7,90,623,0.14446227929373998,0.11903345527436625,0.17424893057877427
8,15,108,0.1388888888888889,0.08600932681341279,0.2165757578062636
9,9,21,0.42857142857142855,0.24469699486521043,0.6345378370296754
10,0,6,0.0,0.0,0.3903430336530645
11,0,1642,0.0,0.0,0.0023341249850532394
12,2,3,0.6666666666666666,0.2076549551264879,0.9385096847238394
13,19,399,0.047619047619047616,0.0306940947645035,0.07317204021261903
14,24,372,0.06451612903225806,0.043734252688912276,0.09420045171847637
15,28,63,0.4444444444444444,0.3284690053363267,0.5668057935912871
16,0,11,0.0,2.7755575615628914e-17,0.2588400172488141
17,0,14,0.0,0.0,0.21531701192718142
18,459,3691,0.12435654294229206,0.11409958593190986,0.1353946278389863
19,0,8,0.0,0.0,0.3244156195108769
20,0,2,0.0,0.0,0.6576280471103807
22,552,1993,0.2769693928750627,0.25776566789423483,0.2970312674260229
23,30,412,0.07281553398058252,0.05147809142111867,0.10204575034940164
24,7,48,0.14583333333333334,0.07248157413793963,0.27167447042858606
25,92,989,0.09302325581395349,0.0764614841247089,0.11273445609375093
27,0,5,0.0,-2.7755575615628914e-17,0.43449149475208104
28,51,139,0.3669064748201439,0.29136609862384355,0.44960571910992575
