column,n_unique,top_value,top_share,missing_fraction
diag_3,789,250,0.11354479885226892,0.013983059174970029
diag_2,748,276,0.06634828921250713,0.0035178743391702533
diag_1,716,428,0.06742920032230804,0.0002063557573256294
medical_specialty,72,nan,0.49082208203132677,0.49082208203132677
discharge_disposition_id,26,1,0.5918872707977124,0.0
admission_source_id,17,7,0.564962757699035,0.0
payer_code,17,nan,0.395574160328597,0.395574160328597
age,10,[70-80),0.25615628009354796,0.0
weight,9,nan,0.9685847925633315,0.9685847925633315
admission_type_id,8,1,0.5305308256195586,0.0
race,5,Caucasian,0.7477841322249081,0.022335554114340742
glyburide-metformin,4,No,0.993062515968005,0.0
max_glu_serum,4,None,0.9474677200636755,0.0
A1Cresult,4,None,0.8327732248491637,0.0
metformin,4,No,0.8035886248845391,0.0
repaglinide,4,No,0.9848770709274217,0.0
nateglinide,4,No,0.9930919953619087,0.0
chlorpropamide,4,No,0.9991549240414284,0.0
glimepiride,4,No,0.9489908220820313,0.0
glipizide,4,No,0.8753414696460508,0.0
glyburide,4,No,0.8953481516420022,0.0
rosiglitazone,4,No,0.9374545526010651,0.0
pioglitazone,4,No,0.9279916671579899,0.0
acarbose,4,No,0.9969734488925575,0.0
insulin,4,No,0.46560737377906175,0.0
miglitol,4,No,0.999626594343887,0.0
gender,3,Female,0.5375862272271682,0.0
tolazamide,3,No,0.9996167678792524,0.0
acetohexamide,2,No,0.9999901735353655,0.0
tolbutamide,2,No,0.9997739913134053,0.0
troglitazone,2,No,0.9999705206060964,0.0
metformin-rosiglitazone,2,No,0.9999803470707309,0.0
metformin-pioglitazone,2,No,0.9999901735353655,0.0
glipizide-metformin,2,No,0.9998722559597508,0.0
glimepiride-pioglitazone,2,No,0.9999901735353655,0.0
change,2,No,0.5380480710649922,0.0
diabetesMed,2,Yes,0.7700312481575379,0.0
citoglipton,1,No,1.0,0.0
examide,1,No,1.0,0.0
