age,n_pos,n,rate,ci_low,ci_high
[0-10),3,161,0.018633540372670808,0.006356878364068758,0.05334649748280485
[10-20),40,691,0.05788712011577424,0.04279601743747087,0.07786687896942242
[20-30),236,1657,0.1424260712130356,0.12642456873186292,0.1600817422853948
[30-40),424,3775,0.112317880794702,0.10263659825652335,0.12278740469718608
[40-50),1027,9685,0.10604026845637583,0.1000637197837663,0.11232922510657026
[50-60),1668,17256,0.09666203059805285,0.09234239026239559,0.10116121639874547
[60-70),2502,22483,0.11128408130587555,0.10723949776014464,0.11546147950826822
[70-80),3069,26068,0.11773055086696332,0.11387432220312382,0.12169943181968365
[80-90),2078,17197,0.12083502936558702,0.11604803459115548,0.12579138796361064
[90-100),310,2793,0.11099176512710347,0.09987202443188097,0.1231801498492796
