feature,type,n_levels
race,categorical,6
gender,categorical,3
age,numeric,10
admission_type_id,categorical,6
discharge_disposition_id,categorical,20
admission_source_id,categorical,15
payer_code,categorical,18
medical_specialty,categorical,73
time_in_hospital,numeric,14
num_lab_procedures,numeric,118
num_procedures,numeric,7
num_medications,numeric,75
number_outpatient,numeric,39
number_emergency,numeric,33
number_inpatient,numeric,21
number_diagnoses,numeric,16
total_prior_visits,numeric,47
diag_1_group,categorical,10
diag_2_group,categorical,10
diag_3_group,categorical,10
A1Cresult,categorical,4
max_glu_serum,categorical,4
metformin,categorical,4
repaglinide,categorical,4
glimepiride,categorical,4
glipizide,categorical,4
glyburide,categorical,4
pioglitazone,categorical,4
rosiglitazone,categorical,4
insulin,categorical,4
n_drugs_active,numeric,7
n_drugs_up,numeric,4
n_drugs_down,numeric,4
n_drugs_changed,numeric,5
change,categorical,2
diabetesMed,categorical,2
