feature,mean_abs_shap
discharge_disposition_id,0.2121915038946653
number_inpatient,0.1932100909223039
total_prior_visits,0.12101782521838678
diag_1_group,0.06875736924243052
number_diagnoses,0.05642674393750045
payer_code,0.052845850635672584
num_medications,0.04558209450801322
medical_specialty,0.04451293235948444
age,0.04318812887370273
n_drugs_active,0.03739046819531203
time_in_hospital,0.03480215777824022
num_lab_procedures,0.03386948243268577
diag_2_group,0.032079179003948285
diag_3_group,0.029623354936984113
A1Cresult,0.0277359592569426
insulin,0.025423122102547806
metformin,0.024723727805865594
admission_source_id,0.02335289575451508
n_drugs_changed,0.022534128630577705
number_outpatient,0.020126238019249964
diabetesMed,0.019859230615531714
number_emergency,0.017943632791712395
admission_type_id,0.014357306675328523
gender,0.013109440008739611
num_procedures,0.011448670130701232
n_drugs_down,0.010551663323429078
glipizide,0.010396000574413464
race,0.010341513543474078
glimepiride,0.009942224065408593
change,0.003143623422142422
glyburide,0.002928280480259045
max_glu_serum,0.0026219686132108854
n_drugs_up,0.002549379258330781
rosiglitazone,0.002420416223887724
pioglitazone,0.002347633205541009
repaglinide,0.002323540927086784
