seed,model,label,calibration,roc_auc,pr_auc,brier,ece,precision,recall,f1,threshold,flagged_fraction
42,xgb,XGBoost,none,0.6830758266580873,0.24055048187650954,0.09304813497733744,0.005648178214405479,0.20400381315538607,0.4890310786106033,0.28790528723261133,0.13403059542179108,0.266000608580992
42,xgb,XGBoost,sigmoid,0.6830758266580873,0.24055048187650954,0.09303527038576001,0.004347075917247764,0.20400381315538607,0.4890310786106033,0.28790528723261133,0.13523752598540173,0.266000608580992
42,xgb,XGBoost,isotonic,0.6829627272547141,0.23402350183539308,0.09316240706113305,0.005333468845852661,0.20400381315538607,0.4890310786106033,0.28790528723261133,0.14677419354838708,0.266000608580992
42,lgbm,LightGBM,none,0.6833301178131821,0.24201212673876277,0.0929248526384996,0.007094054834608406,0.21553829078801331,0.4437842778793419,0.2901538921261019,0.1438099301871996,0.2284714474084593
42,lgbm,LightGBM,sigmoid,0.6833301178131821,0.24201212673876277,0.09292071067783401,0.006846944910893035,0.21553829078801331,0.4437842778793419,0.2901538921261019,0.14573981216222318,0.2284714474084593
42,lgbm,LightGBM,isotonic,0.6830953283532748,0.2345237039827502,0.0930770898805717,0.0065282951893271554,0.21553829078801331,0.4437842778793419,0.2901538921261019,0.15057915057915058,0.2284714474084593
42,cat,CatBoost,none,0.6792500659616161,0.24161878895834576,0.09309933732094272,0.007389927068472517,0.21508379888268156,0.42230347349177333,0.2850092535471931,0.1409650411990953,0.21787199513135205
42,cat,CatBoost,sigmoid,0.6792500659616161,0.24161878895834576,0.09310941211865739,0.006730020400118674,0.21508379888268156,0.42230347349177333,0.2850092535471931,0.14268040613986607,0.21787199513135205
42,cat,CatBoost,isotonic,0.6794563719964,0.23259927809752068,0.0932057964858439,0.0058615210928769056,0.21508379888268156,0.42230347349177333,0.2850092535471931,0.16352591123233323,0.21787199513135205
42,average,Simple average,none,0.6836610209085288,0.24325999061792278,0.09286508248996679,0.007337653173555777,0.20673267326732672,0.47714808043875684,0.28847747996684164,0.1346327303280219,0.25611116746120294
42,average,Simple average,sigmoid,0.6836610209085288,0.24325999061792278,0.09284563537439057,0.005907837376158726,0.20673267326732672,0.47714808043875684,0.28847747996684164,0.13622337605965928,0.25611116746120294
42,average,Simple average,isotonic,0.6833633984467472,0.23558633750788532,0.09299641605731337,0.005389824459798979,0.20673267326732672,0.47714808043875684,0.28847747996684164,0.14804469273743018,0.25611116746120294
42,stack,Stacked (LR meta),none,0.6831097851580628,0.24373261628965576,0.09284858859581835,0.005922495033898603,0.21282670766527564,0.4428702010968921,0.2874944370271473,0.14239006943517316,0.23090577137640733
42,stack,Stacked (LR meta),sigmoid,0.6831097851580628,0.24373261628965576,0.09284820660001832,0.005892005800631075,0.21282670766527564,0.4428702010968921,0.2874944370271473,0.14234385812295955,0.23090577137640733
42,stack,Stacked (LR meta),isotonic,0.6821389240278614,0.2357215715487624,0.09303883044115102,0.004530136940215538,0.21282670766527564,0.4428702010968921,0.2874944370271473,0.14754098360655737,0.23090577137640733
43,xgb,XGBoost,none,0.6803719609423804,0.24025571106561056,0.09307620156774994,0.004891941409649875,0.19848671476332921,0.5155393053016454,0.2866217761402617,0.1292681097984314,0.2882138147885181
43,xgb,XGBoost,sigmoid,0.6803719609423804,0.24025571106561056,0.093068012671031,0.0040144099471599946,0.19848671476332921,0.5155393053016454,0.2866217761402617,0.13009458834363608,0.2882138147885181
43,xgb,XGBoost,isotonic,0.6797320550510955,0.23358446813243613,0.09318402527611697,0.005104807956896632,0.19848671476332921,0.5155393053016454,0.2866217761402617,0.14496822816610017,0.2882138147885181
43,lgbm,LightGBM,none,0.684832712998662,0.24382077114935669,0.09283705159956303,0.006613559126054744,0.21561338289962825,0.4506398537477148,0.2916728294630972,0.14264337319704806,0.23192007302971904
43,lgbm,LightGBM,sigmoid,0.684832712998662,0.24382077114935669,0.09283498527482573,0.006250571937853853,0.21561338289962825,0.4506398537477148,0.2916728294630972,0.14433991416971004,0.23192007302971904
43,lgbm,LightGBM,isotonic,0.6840662155552613,0.23582152414584767,0.09295636794604022,0.0072273806142467934,0.21561338289962825,0.4506398537477148,0.2916728294630972,0.14471057884231542,0.23192007302971904
43,cat,CatBoost,none,0.6774646179805629,0.24009813846524616,0.09320420310977676,0.0044423498862312,0.20990617499454506,0.4396709323583181,0.2841530054644809,0.14076521144986945,0.23242722385637488
43,cat,CatBoost,sigmoid,0.6774646179805629,0.24009813846524616,0.09323553851535396,0.005379036168035875,0.20990617499454506,0.4396709323583181,0.2841530054644809,0.14178750898547396,0.23242722385637488
43,cat,CatBoost,isotonic,0.676485765848256,0.23185924017696447,0.09333741618930905,0.005781476819572573,0.20990617499454506,0.4396709323583181,0.2841530054644809,0.14984227129337538,0.23242722385637488
43,average,Simple average,none,0.6826341315123408,0.24380384628413293,0.09287298732805432,0.00799539586021985,0.21621024734982333,0.44744058500914075,0.2915425848719476,0.14235053323188243,0.22963789430976772
43,average,Simple average,sigmoid,0.6826341315123408,0.24380384628413293,0.09286906993896851,0.007023216061713603,0.21621024734982333,0.44744058500914075,0.2915425848719476,0.14414690526911492,0.22963789430976772
43,average,Simple average,isotonic,0.6823770246044649,0.2363032461530397,0.09299985945268407,0.005601016645549963,0.21621024734982333,0.44744058500914075,0.2915425848719476,0.14581458145814585,0.22963789430976772
43,stack,Stacked (LR meta),none,0.6821731302097943,0.24406397822328224,0.09291746162953453,0.007957658900048983,0.2025056095736724,0.49497257769652653,0.28742038216560506,0.13298666199162237,0.27122426209554723
43,stack,Stacked (LR meta),sigmoid,0.6821731302097943,0.24406397822328224,0.09291647229161577,0.007924751982741465,0.2025056095736724,0.49497257769652653,0.28742038216560506,0.13293797109335684,0.27122426209554723
43,stack,Stacked (LR meta),isotonic,0.6816605980241758,0.23539312464378082,0.09303713918124838,0.0066660842259765995,0.2025056095736724,0.49497257769652653,0.28742038216560506,0.14685138539042822,0.27122426209554723
44,xgb,XGBoost,none,0.6813207001630008,0.24040698513942532,0.09305427986283252,0.005547449608541322,0.21005312627707398,0.46983546617915906,0.2903134707709687,0.13828176259994507,0.24819961456537173
44,xgb,XGBoost,sigmoid,0.6813207001630008,0.24040698513942532,0.09304479094334202,0.004883025172691827,0.21005312627707398,0.46983546617915906,0.2903134707709687,0.13974262020327577,0.24819961456537173
44,xgb,XGBoost,isotonic,0.6813867791021085,0.23321634214312603,0.09303277021453969,0.00468130239357452,0.21005312627707398,0.46983546617915906,0.2903134707709687,0.14705882352941177,0.24819961456537173
44,lgbm,LightGBM,none,0.6827879029003296,0.2420822632870933,0.09293245683353812,0.005954742016676291,0.22349143282840825,0.4113345521023766,0.28962188254223653,0.1505622025818061,0.20422963789430976
44,lgbm,LightGBM,sigmoid,0.6827879029003296,0.2420822632870933,0.09292472748835255,0.005684600475880382,0.22349143282840825,0.4113345521023766,0.28962188254223653,0.15302607152857675,0.20422963789430976
44,lgbm,LightGBM,isotonic,0.6819742285619533,0.2344471984256175,0.09300089985134231,0.006114790219651124,0.22349143282840825,0.4113345521023766,0.28962188254223653,0.15670103092783505,0.20422963789430976
44,cat,CatBoost,none,0.6796322783298623,0.23984603885988248,0.09313330057123495,0.005316772557815035,0.2103383063668838,0.45749542961608775,0.28818194904275224,0.13789088646054654,0.2413530784055178
44,cat,CatBoost,sigmoid,0.6796322783298623,0.23984603885988248,0.09314371787154997,0.004818280940306327,0.2103383063668838,0.45749542961608775,0.28818194904275224,0.13862435178132493,0.2413530784055178
44,cat,CatBoost,isotonic,0.6792037885432234,0.23202109547423336,0.09317005287462209,0.00474874020061425,0.2103383063668838,0.45749542961608775,0.28818194904275224,0.15712988192552224,0.2413530784055178
44,average,Simple average,none,0.6829488961727662,0.24319982423268136,0.09289906718339916,0.007702226315136033,0.21193415637860083,0.47074954296160876,0.29228149829738936,0.13802403189178608,0.24647530175474186
44,average,Simple average,sigmoid,0.6829488961727662,0.24319982423268136,0.09288362150991976,0.006102866797462104,0.21193415637860083,0.47074954296160876,0.29228149829738936,0.13967786584560973,0.24647530175474186
44,average,Simple average,isotonic,0.6823833600482224,0.2367873091677056,0.0929425983128822,0.006848438091387119,0.21193415637860083,0.47074954296160876,0.29228149829738936,0.14930270713699753,0.24647530175474186
44,stack,Stacked (LR meta),none,0.682712842231286,0.243005205799387,0.09289966000094266,0.00640475707767587,0.21068487648122114,0.47943327239488115,0.29273057067113156,0.13813701591930486,0.25251039659194646
44,stack,Stacked (LR meta),sigmoid,0.682712842231286,0.243005205799387,0.09289866506431468,0.006328350466932898,0.21068487648122114,0.47943327239488115,0.29273057067113156,0.13803541234389036,0.25251039659194646
44,stack,Stacked (LR meta),isotonic,0.6826708145138499,0.23452228554340016,0.09297378669779223,0.0051279066645814955,0.21068487648122114,0.47943327239488115,0.29273057067113156,0.15119317192126802,0.25251039659194646
